{"cameraMode":{"drawMode":0,"name":"Shaded","section":"Shading Mode"},"sceneLighting":false,"audioPlay":false,"sceneViewState":{"m_AlwaysRefresh":false,"showFog":false,"showSkybox":false,"showFlares":true,"showImageEffects":true,"showParticleSystems":true,"showVisualEffectGraphs":true,"m_FxEnabled":true},"in2DMode":false,"pivot":{"x":0.03998109698295593,"y":0.1963229477405548,"z":0.03653228282928467},"rotation":{"x":-0.5071188807487488,"y":0.049589138478040698,"z":-0.029234932735562326,"w":-0.8599625825881958},"size":0.5439471006393433,"orthographic":false}