{"cameraMode":{"drawMode":0,"name":"Shaded","section":"Shading Mode"},"sceneLighting":false,"audioPlay":false,"sceneViewState":{"m_AlwaysRefresh":false,"showFog":false,"showSkybox":false,"showFlares":true,"showImageEffects":true,"showParticleSystems":true,"showVisualEffectGraphs":true,"m_FxEnabled":true},"in2DMode":false,"pivot":{"x":0.004686042666435242,"y":0.07605069875717163,"z":-0.0013863295316696168},"rotation":{"x":-0.27205559611320498,"y":0.1214183047413826,"z":-0.03462659567594528,"w":-0.9539636373519898},"size":0.16634783148765565,"orthographic":false}