{"cameraMode":{"drawMode":0,"name":"Shaded","section":"Shading Mode"},"sceneLighting":false,"audioPlay":false,"sceneViewState":{"m_AlwaysRefresh":true,"showFog":false,"showSkybox":false,"showFlares":true,"showImageEffects":true,"showParticleSystems":true,"showVisualEffectGraphs":true,"m_FxEnabled":true},"in2DMode":false,"pivot":{"x":-0.7998712658882141,"y":0.6935076117515564,"z":0.05224359780550003},"rotation":{"x":-0.06103520467877388,"y":0.9330422282218933,"z":-0.1904095709323883,"w":-0.29908397793769839},"size":0.6236123442649841,"orthographic":false}