{"cameraMode":{"drawMode":0,"name":"Shaded","section":"Shading Mode"},"sceneLighting":false,"audioPlay":false,"sceneViewState":{"m_AlwaysRefresh":false,"showFog":false,"showSkybox":false,"showFlares":true,"showImageEffects":true,"showParticleSystems":true,"showVisualEffectGraphs":true,"m_FxEnabled":true},"in2DMode":false,"pivot":{"x":12.013299942016602,"y":0.13686531782150269,"z":35.34104919433594},"rotation":{"x":0.04683218523859978,"y":0.9006620645523071,"z":-0.10038559138774872,"w":0.4201689064502716},"size":0.2548646330833435,"orthographic":false}