{"cameraMode":{"drawMode":0,"name":"Shaded","section":"Shading Mode"},"sceneLighting":false,"audioPlay":false,"sceneViewState":{"m_AlwaysRefresh":false,"showFog":false,"showSkybox":false,"showFlares":true,"showImageEffects":true,"showParticleSystems":true,"showVisualEffectGraphs":true,"m_FxEnabled":true},"in2DMode":false,"pivot":{"x":-0.009956756606698037,"y":0.08499157428741455,"z":-0.0188710056245327},"rotation":{"x":0.0014571240171790124,"y":0.9981785416603088,"z":-0.05395427718758583,"w":0.02695726789534092},"size":0.2436961829662323,"orthographic":true}