{"cameraMode":{"drawMode":0,"name":"Shaded","section":"Shading Mode"},"sceneLighting":false,"audioPlay":false,"sceneViewState":{"m_AlwaysRefresh":false,"showFog":false,"showSkybox":false,"showFlares":true,"showImageEffects":true,"showParticleSystems":true,"showVisualEffectGraphs":true,"m_FxEnabled":true},"in2DMode":false,"pivot":{"x":0.010715216398239136,"y":0.0629020556807518,"z":-0.043623313307762149},"rotation":{"x":-0.06747027486562729,"y":0.9274842143058777,"z":-0.3053012192249298,"w":-0.20497001707553864},"size":0.21583646535873414,"orthographic":true}