{"cameraMode":{"drawMode":0,"name":"Shaded","section":"Shading Mode"},"sceneLighting":false,"audioPlay":false,"sceneViewState":{"m_AlwaysRefresh":false,"showFog":true,"showSkybox":false,"showFlares":true,"showImageEffects":true,"showParticleSystems":true,"showVisualEffectGraphs":true,"m_FxEnabled":true},"in2DMode":false,"pivot":{"x":-0.2643302381038666,"y":0.3617263436317444,"z":-0.03899990767240524},"rotation":{"x":-0.3579102158546448,"y":-0.03584582731127739,"z":0.013750599697232247,"w":-0.9329724311828613},"size":0.6293171048164368,"orthographic":false}