{"cameraMode":{"drawMode":0,"name":"Shaded","section":"Shading Mode"},"sceneLighting":false,"audioPlay":false,"sceneViewState":{"m_AlwaysRefresh":true,"showFog":false,"showSkybox":false,"showFlares":true,"showImageEffects":true,"showParticleSystems":true,"showVisualEffectGraphs":true,"m_FxEnabled":true},"in2DMode":false,"pivot":{"x":0.0014906972646713257,"y":0.08379862457513809,"z":0.0018420666456222535},"rotation":{"x":0.0022573398891836406,"y":0.9932807683944702,"z":-0.11403840035200119,"w":0.019670799374580385},"size":0.17710894346237184,"orthographic":false}