{"cameraMode":{"drawMode":0,"name":"Shaded","section":"Shading Mode"},"sceneLighting":false,"audioPlay":false,"sceneViewState":{"m_AlwaysRefresh":false,"showFog":false,"showSkybox":false,"showFlares":true,"showImageEffects":true,"showParticleSystems":true,"showVisualEffectGraphs":true,"m_FxEnabled":true},"in2DMode":false,"pivot":{"x":0.0011214688420295716,"y":0.04500000178813934,"z":0.03100225329399109},"rotation":{"x":0.4626938998699188,"y":0.32305023074150088,"z":-0.1858268827199936,"w":0.8043773174285889},"size":0.20580822229385377,"orthographic":false}