{"cameraMode":{"drawMode":0,"name":"Shaded","section":"Shading Mode"},"sceneLighting":false,"audioPlay":false,"sceneViewState":{"m_AlwaysRefresh":false,"showFog":false,"showSkybox":false,"showFlares":true,"showImageEffects":true,"showParticleSystems":true,"showVisualEffectGraphs":true,"m_FxEnabled":true},"in2DMode":false,"pivot":{"x":0.0004909839481115341,"y":0.648430585861206,"z":0.016910500824451448},"rotation":{"x":-0.07868882268667221,"y":-0.16019128262996674,"z":0.012812013737857342,"w":-0.9838608503341675},"size":0.8371886014938355,"orthographic":false}