{"cameraMode":{"drawMode":0,"name":"Shaded","section":"Shading Mode"},"sceneLighting":false,"audioPlay":false,"sceneViewState":{"m_AlwaysRefresh":false,"showFog":false,"showSkybox":false,"showFlares":true,"showImageEffects":true,"showParticleSystems":true,"showVisualEffectGraphs":true,"m_FxEnabled":true},"in2DMode":false,"pivot":{"x":-0.0762619897723198,"y":0.18935759365558625,"z":-0.010240316390991211},"rotation":{"x":0.2119974046945572,"y":0.08781878650188446,"z":-0.019131451845169069,"w":0.9731284379959106},"size":0.8492798209190369,"orthographic":false}