{"cameraMode":{"drawMode":0,"name":"Shaded","section":"Shading Mode"},"sceneLighting":false,"audioPlay":false,"sceneViewState":{"m_AlwaysRefresh":false,"showFog":false,"showSkybox":false,"showFlares":true,"showImageEffects":true,"showParticleSystems":true,"showVisualEffectGraphs":true,"m_FxEnabled":true},"in2DMode":false,"pivot":{"x":0.016493558883666993,"y":0.20456014573574067,"z":0.0082550048828125},"rotation":{"x":-0.1965787410736084,"y":0.06524490565061569,"z":-0.013108715415000916,"w":-0.9782379865646362},"size":0.5227280855178833,"orthographic":false}