{"cameraMode":{"drawMode":0,"name":"Shaded","section":"Shading Mode"},"sceneLighting":false,"audioPlay":false,"sceneViewState":{"m_AlwaysRefresh":true,"showFog":false,"showSkybox":false,"showFlares":true,"showImageEffects":true,"showParticleSystems":true,"showVisualEffectGraphs":true,"m_FxEnabled":true},"in2DMode":false,"pivot":{"x":5.269999980926514,"y":0.16599999368190766,"z":4.630000114440918},"rotation":{"x":-0.3747088611125946,"y":0.031140243634581567,"z":-0.012597121298313141,"w":-0.9265382289886475},"size":0.3653254210948944,"orthographic":false}