{"cameraMode":{"drawMode":0,"name":"Shaded","section":"Shading Mode"},"sceneLighting":false,"audioPlay":false,"sceneViewState":{"m_AlwaysRefresh":false,"showFog":false,"showSkybox":false,"showFlares":true,"showImageEffects":true,"showParticleSystems":true,"showVisualEffectGraphs":true,"m_FxEnabled":true},"in2DMode":false,"pivot":{"x":0.08261534571647644,"y":0.038520291447639468,"z":-0.011297635734081269},"rotation":{"x":0.14854605495929719,"y":0.7880887985229492,"z":-0.20922906696796418,"w":0.5595351457595825},"size":0.4057443141937256,"orthographic":false}