{"cameraMode":{"drawMode":0,"name":"Shaded","section":"Shading Mode"},"sceneLighting":false,"audioPlay":false,"sceneViewState":{"m_AlwaysRefresh":false,"showFog":false,"showSkybox":false,"showFlares":true,"showImageEffects":true,"showParticleSystems":true,"showVisualEffectGraphs":true,"m_FxEnabled":true},"in2DMode":false,"pivot":{"x":8.847851753234864,"y":0.19251921772956849,"z":35.070701599121097},"rotation":{"x":-0.3336116075515747,"y":0.19485712051391602,"z":-0.07068834453821182,"w":-0.9196396470069885},"size":0.22380362451076508,"orthographic":false}